{"N": 98, "n": 6, "vectors": [[-0.07638621803640151, -0.32655560774392556, 0.3764546866338684, 0.17724180954538468, -0.5730769097725046, 0.6212701876729326], [0.5720395059978328, 0.1156574822240832, -0.0985784326238792, -0.2630744324987795, 0.7597681833754129, 0.056750273132653344], [0.44920204769213756, 0.38742041837207913, 0.5964055000796268, -0.10276357580844551, 0.420424474768867, -0.3242010606934351], [-0.2700452257184159, 0.5837403291882107, -0.16322796632585038, 0.0199658046269307, -0.7348761371957746, 0.13870063006660305], [0.8412682218691658, -0.04552667336955525, -0.2631774562362066, 0.3529790123514986, 0.2288588491657583, -0.20967157988606538], [0.2511420744834607, 0.19336687205785758, -0.13412678125176922, 0.9388882092444497, 0.004218655648582714, -0.004248676501359954], [-0.05470077695509412, 0.5019038455394759, 0.5738853298024541, 0.6000714376831069, 0.21894780730545946, -0.08793241964022279], [-0.5141748941767975, -0.27721369658997813, -0.4104478993979147, 0.674784955110054, -0.05961965398253523, -0.17725695393175195], [0.13154706527127452, -0.21322739722650436, -0.4616624511947273, 0.358217283694808, 0.7594463880992878, -0.13790862595451003], [0.1123561729643814, 0.30310235853888595, 0.39551677831251125, 0.5755459243237068, -0.6294411915350239, 0.1078063268625459], [-0.8456363403018852, 0.007333661912163599, 0.2894833164958172, 0.32362019309622725, 0.1531866620308773, -0.2699048425474676], [-0.3628329840203663, -0.11911510507644292, 0.678499136024807, 0.23351941748966684, 0.49522598623544634, 0.30663112052678415], [0.4888236471451186, -0.23309767604753787, -0.10898455792532008, -0.7972287597126199, 0.14353783316259938, -0.19662776173487778], [-0.08365609575107165, 0.8059253707113297, -0.1320327115965454, 0.4473343119984416, 0.0023258532143055864, 0.35488015057433536], [0.06133492900700292, 0.30375186117802433, -0.758151313093098, -0.16972818123767122, -0.30910412817146804, 0.45257750961676446], [0.6406471117630376, -0.06919513603775643, 0.28534275659160196, -0.10090700556487012, 0.2323585492160479, 0.6627141943803868], [-0.18442512635651706, 0.10832444979656518, 0.23214715805200223, -0.0025741484188501968, 0.9045778538127032, -0.2865190456227202], [0.15489606287590077, -0.28637634944621704, -0.1658718891959723, 0.6033748655354012, -0.6267015803485407, -0.3311588944702233], [-0.1408391339370401, -0.3322896416823573, -0.342012919806572, -0.5078240919758784, 0.695766984419173, -0.10391385888794315], [-0.16800420883239425, 0.21069029761266087, 0.5647369897732614, -0.39189027203960947, -0.6502522509062629, 0.17902609184245835], [0.06694342516096373, -0.5092298206976051, -0.2672854315677012, 0.6580521746232572, 0.203675154298856, 0.4361717925389154], [-0.3486494109593924, 0.662482993036739, 0.08095428736634061, -0.5214203774512177, -0.08062942927267373, 0.39322507631832615], [-0.28070706846038607, 0.1720422452154819, 0.7125500278417746, 0.16216092485256403, -0.36021084997922276, -0.47731482630281397], [0.2408989007560208, -0.15504580085384748, -0.28181582220441775, -0.05199418561777666, -0.8824712326607423, 0.23885035021023537], [-0.35213952378385494, -0.6860839690465655, -0.053664030651909375, -0.433185394285617, 0.1449724243683625, 0.4401592045739315], [-0.8266914383884785, -0.39952555420016894, -0.2874169421733183, -0.1735048751094099, -0.15588864361161847, -0.14123345104533025], [-0.24148234150103787, -0.42888030687432843, 0.07460199262264354, -0.42247106781804084, -0.7088371307648214, -0.26692812276167], [-0.29343739503627875, -0.09258848383076652, 0.17906231867894495, -0.9269521868917914, -0.1013473595495284, 0.061212007109935754], [0.382624879316044, -0.33374615446579486, -0.7789599524274041, 0.2763206795344708, -0.2313260858991899, 0.07462052442955679], [-0.47410478829043684, 0.2024338728611403, -0.5956956352948652, -0.609257919584526, 0.08744153838250712, 0.023465969359955593], [0.0324817415673835, -0.4609624779940775, -0.6171475647151443, -0.5528136566178463, -0.3048508455011467, 0.08396687898521682], [-0.49856008892421194, 0.7598649197659281, 0.10907293789813503, 0.010104868606153306, 0.3443568336418437, -0.2084766135898395], [-0.3322802847215849, 0.32325221309912194, 0.7485441000995463, -0.4246904975048578, 0.20110836525393974, -0.06303138957683718], [-0.13002603556355305, -0.012742375320202557, 0.0675019731041327, 0.6506299295771831, 0.3896958776669349, -0.6349741437583586], [-0.07305715750560315, 0.3446185276410859, -0.8103547083714333, 0.44010621969005664, 0.15240991977036616, -0.0479968802075642], [0.4109771641191171, 0.7643739026241326, -0.27849533633826073, -0.292222151274414, 0.1710304691117341, 0.23372087655486468], [0.09951139618223853, 0.12961210022763403, 0.3342966343394743, 0.6054496799355829, 0.0809368313880183, 0.6988732790460019], [0.6930708693984852, 0.5431904578262658, 0.25532129904107526, 0.3483453322516638, -0.009603309206929186, 0.1948620966849423], [0.41519467576662256, 0.3582726146386282, 0.4297286085145888, -0.6832117456263355, -0.02458050006291105, 0.21726699586922613], [-0.09546037992038302, 0.7134941795119965, -0.4940433477459482, -0.18097635861468656, -0.1509621457598033, -0.4268401696022757], [-0.17750765898033652, -0.044406072117990386, 0.5162896778977365, -0.4132838354435422, 0.050554165048038065, 0.7256754426160463], [0.23720703893763362, -0.4128262318519189, -0.3368877855280258, -0.07733517047981778, -0.1845860381304801, 0.7872491402787044], [-0.1281806560573023, -0.6392855375423748, -0.6001414532530449, 0.017582405159746167, 0.14144589603235874, -0.44090574334385974], [-0.10110097209538486, -0.07828308128962679, -0.3850380025607351, -0.5590804859630658, -0.16609335347526194, -0.70373155205366], [-0.5338793168853808, -0.22593317909829647, 0.2382595585231036, -0.4491395533018146, 0.31108684319441054, -0.5555700621956646], [-0.06980871373612664, 0.3790299154023076, 0.17139938257862555, -0.09488503403455467, 0.12903884222714387, -0.892429899701502], [0.23446926967471599, 0.06668182173314771, -0.5172757498756382, 0.27423771712369094, -0.07619065538093835, -0.7694102633566569], [0.16955265412907553, -0.7565886103048305, 0.4477574605787086, 0.13689374135520063, 0.1796620404238085, 0.38382350571509705], [-0.6095930801439707, -0.13275878518243436, 0.13969236843473126, 0.3402960994671551, -0.6882425225389011, -0.04216892997571299], [0.2857014825177579, 0.6114136760149623, -0.2000107497238631, 0.27008248994788686, 0.5384932072187824, -0.3763299005748859], [0.3327105508817554, 0.11544823803255053, -0.8090121021061749, -0.33763944783318933, 0.24708547975282172, -0.21546039375046053], [0.07972067069974484, 0.25894567020933207, -0.008599552377248753, -0.05097445160233797, -0.7202660986586523, -0.6365030672736928], [-0.026994528824940058, 0.45195550041842486, 0.0019720748945589385, -0.7086691276916918, 0.4565832967790425, -0.29038490410959455], [0.5139828940124683, -0.680537271910202, -0.31821386135537966, -0.12899966955408734, 0.3638177621892887, 0.14975401769368799], [0.7665245470228801, -0.40185977890881386, 0.43533762712389434, -0.12250687040386499, 0.12895690173985208, -0.17260408892715648], [0.8173035870640875, 0.039022871926312666, -0.35597696007772484, -0.2845602809045757, -0.22847460071646578, 0.2657014664836849], [0.41744991937891984, -0.11293451696855608, 0.3728052098739864, 0.49868874728665247, 0.6495830937241718, 0.0578703106595127], [0.18354157364676293, -0.5597278546442201, 0.5829642522844081, 0.1698414387901175, -0.4912568768986575, -0.20734142520637316], [0.12463393045655645, -0.3219278966888476, 0.5148940537015532, -0.5186464157631229, 0.5810306309584464, 0.09551035273373715], [-0.004668145020444345, -0.29681242290517346, -0.029810687496184478, 0.005595583739651541, 0.754721446183251, 0.5842569169944917], [-0.2917628863990813, 0.2425199382017292, -0.21884942116539147, 0.017442643462712386, 0.15620673866507434, 0.8851319887649148], [-0.1966173742433383, 0.42097858685582795, -0.4399077617850797, -0.10118262975835049, 0.7262506186625294, 0.23004763203137907], [0.661474021802494, 