{
  "path": "spherical_codes/n6_N98/coords.json",
  "status": "PASS",
  "N": 98,
  "benchmark": 0.571052839653,
  "max_dot": 0.5710377788036827,
  "min_angle_rad": 0.9630268668283488,
  "min_angle_deg": 55.17737502697157,
  "margin": 1.5060849317349856e-05,
  "min_norm": 0.9999999999999999,
  "max_norm": 1.0000000000000002,
  "worst_pair": [
    25,
    42
  ],
  "error": null
}
