{
  "N": 86,
  "n": 6,
  "vectors": [
    [
      0.4032315729789709,
      0.3803729045994113,
      -0.13002637071849102,
      0.5215664016628844,
      -0.022624022143071028,
      -0.6350358550474061
    ],
    [
      0.3584942671899949,
      0.40735315371636505,
      0.16781849616596967,
      0.6505534587391877,
      -0.05593864143589637,
      0.5010322211301572
    ],
    [
      0.004488500293267564,
      0.654128435189338,
      0.39544232676073265,
      -0.14869288924288745,
      0.04276962765117229,
      0.6259252299493174
    ],
    [
      0.07749559767125425,
      0.5770726083424647,
      -0.2464640780590343,
      -0.33631555675303026,
      -0.09045807085618626,
      -0.692059447570645
    ],
    [
      0.22667953942462238,
      0.9308216229898223,
      -0.08676837752201608,
      0.133716590069238,
      -0.23822051957625867,
      0.005440481238261895
    ],
    [
      -0.3203206993932697,
      -0.030422453595918227,
      -0.024381881748802754,
      0.5624000677890443,
      0.364874488957929,
      0.6681672086823527
    ],
    [
      -0.25397709299072874,
      0.3649591883839626,
      -0.4423355756594571,
      -0.17903452208073772,
      0.24411911369754352,
      0.717629544951267
    ],
    [
      0.5064941996822074,
      0.439095005774058,
      0.6448740446259917,
      0.2576423688327296,
      -0.1755015888688991,
      -0.1939491434552529
    ],
    [
      0.25996741769931375,
      0.31691704541514887,
      -0.3692049920923913,
      -0.20397719173150775,
      -0.8010952799576856,
      -0.11094079302486187
    ],
    [
      0.3715119411671593,
      -0.12901164904074186,
      -0.7710899878256571,
      -0.3312093013126,
      -0.12702757774039097,
      -0.3534395222304008
    ],
    [
      -0.3659035262305247,
      0.16221718920190312,
      0.17020332259072735,
      -0.37265110247004357,
      -0.6550903201550237,
      -0.4927665271359533
    ],
    [
      -0.45130144975838676,
      -0.14050392678042253,
      0.11006388495440443,
      0.7424350475692538,
      -0.41425462244669964,
      0.20409531390109292
    ],
    [
      -0.7729816535028176,
      0.3580437077898563,
      -0.3017997419223795,
      -0.16844131612205163,
      0.011541536699149825,
      -0.3933386561087286
    ],
    [
      -0.4882077102910353,
      0.22213467415620863,
      -0.43062413765563284,
      0.20617361228912,
      0.6953749088671329,
      0.028608529006649962
    ],
    [
      -0.04849444308013277,
      -0.48482931415322617,
      0.44072401259950716,
      -0.48893150184115586,
      0.5738181428502603,
      0.005467658500622054
    ],
    [
      0.19563129558930123,
      0.059059298454539146,
      0.5291079474188041,
      -0.2705400148382855,
      -0.008735894914192176,
      -0.7778283614922495
    ],
    [
      -0.11598186065405947,
      0.33383455355389,
      -0.34252782651290037,
      0.2985997074971594,
      -0.5876824662288513,
      0.5685463221997232
    ],
    [
      0.4008463575492893,
      -0.4497506056993766,
      -0.35978424142431004,
      -0.5983222828454443,
      0.2631539709008911,
      0.28348249220181887
    ],
    [
      -0.22145263731687903,
      0.7843337204537398,
      -0.08583637460779678,
      -0.37782355844226395,
      0.43084081972761173,
      -0.006083413618061463
    ],
    [
      0.25875207344125,
      0.11830882592487912,
      0.15216882437495247,
      -0.4362439040562561,
      -0.5955270706163885,
      0.5923966571675557
    ],
    [
      -0.004428421617526216,
      -0.24030980336295468,
      -0.7109433852214325,
      0.3748549946357312,
      -0.5389007816632322,
      -0.07655567267635138
    ],
    [
      -0.42113656767963414,
      0.5737079613458396,
      -0.1502995399007816,
      -0.47125065894033247,
      -0.42637431325113606,
      0.25892272245779363
    ],
    [
      0.03143433650105622,
      -0.2555006311356763,
      -0.8736552716158025,
      0.130450943511682,
      0.3031590936851531,
      0.24806227365086472
    ],
    [
      -0.289424512976194,
      0.04715423399104937,
      -0.6248463566951586,
      -0.6214866549012603,
      0.36956652999303896,
      -0.02742038873799727
    ],
    [
      0.23057215184882052,
      -0.25521268445591666,
      -0.10796233409250847,
      0.08148729992164595,
      -0.5304399657528721,
      -0.7629157001828434
    ],
    [
      -0.12492842709502887,
      -0.2018758060389789,
      0.3606097130860674,
      0.37421865774628016,
      0.8180026415603473,
      -0.06657143878965878
    ],
    [
      -0.6881330708594285,
      -0.32638307861530436,
      -0.09505463350971094,
      -0.5878856302372181,
      -0.22858525047598363,
      0.11424031012267158
    ],
    [
      -0.6333104928281339,
      -0.40135575401652424,
      -0.17542702965951631,
      0.21277323524065614,
      -0.38990976501216534,
      -0.45798980465708544
    ],
    [
      0.4741559673119481,
      -0.6653171626538283,
      0.11035630346945383,
      -0.3537267664106164,
      0.046538458072086196,
      -0.4393884667014485
    ],
    [
      0.13946741222181278,
      0.35535104273912577,
      0.7023481062151075,
      -0.20461352862095797,
      0.5558081432658942,
      -0.1009565591381698
    ],
    [
      -0.33333669514787373,
      -0.5878300524766558,
      0.5210939869369448,
      -0.2915484695576492,
      -0.21330151020114338,
      -0.3759062243377318
    ],
    [
      0.2775658104228941,
      -0.3954972266075272,
      0.8272978027417669,
      0.17230836892633192,
      0.15887737062629476,
      -0.16487970557198028
    ],
    [
      -0.6007475580224355,
      0.6720424402474254,
      -0.025153077138766244,
      0.3345410282199255,
      0.015292425121920148,
      0.2732711015059277
    ],
    [
      0.010121933769286743,
      -0.6951761729846223,
      0.27520790018046415,
      -0.43190126810880464,
      -0.21486377125121314,
      0.45627086369742836
    ],
    [
      -0.4739360080649871,
      0.1766158219890801,
      0.39388149418036666,
      -0.6752962936373978,
      0.19081754284917438,
      -0.31082545160489133
    ],
    [
      -0.08621890778692862,
      0.27137321344690646,
      -0.49119763343972345,
      0.8187337702879307,
      0.07207275733659384,
      0.04613344672527971
    ],
    [
      0.8350171385887721,
      0.17394799584734486,
      -0.0100773542622462,
      -0.2558059744207241,
      -0.2205369449853251,
      -0.39788651558200394
    ],
    [
      0.21411503167356694,
      0.5748021968629041,
      0.41920003190196276,
      -0.5963250564732177,
      -0.2824455607281006,
      -0.1124697879148111
    ],
    [
      -0.0687645437275399,
      -0.49816755032356513,
      0.18736955428976312,
      0.30829217152895233,
      0.2534586033802614,
      -0.7434432411437389
    ],
    [
      -0.1279764644317952,
      0.055672096362031305,
      0.15025820365380527,
      -0.8088231656560948,
      0.18206700138838572,
      0.5201940101312401
    ],
    [
      0.3808574006191142,
      0.48092515155436766,
      -0.42201701300147565,
      -0.6345282509158816,
      -0.04335469876207039,
      0.20261922075226324
    ],
    [
      -0.12635757600046657,
      -0.839449296613285,
      -0.47730543982673507,
      -0.1764163274191186,
      -0.09913032767435226,
      -0.10290100130552825
    ],
    [
      0.5633669498385773,
      -0.5113888865211097,
      -0.2568846647248214,
      -0.13639180249644292,
      -0.5679346890404697,
      0.11813898932092666
    ],
    [
      0.14152048797742145,
      0.10630687060749879,
      -0.09827173533432391,
      -0.30499701185784484,
      0.8708590236774485,
      0.32801653985127094
    ],
    [
      -0.5039168272164815,
      -0.055626057960181455,
      0.21040480625803012,
      -0.10275886970776428,
      -0.22980620253445572,
      0.7970778596852892
    ],
    [
      -0.8566845221235905,
      0.06330209619292135,
      0.4551173311676955,
      0.04355458500272416,
