{
  "problem": "circle_packing_unit_square",
  "n": 26,
  "claimed_sum_radii": 2.6359830849175889,
  "circles": [
    [0.29769047491084122, 0.8667414272291887, 0.13325857277081046],
    [0.5044682393256442, 0.7246573832285596, 0.11762968804654123],
    [0.7053905112181731, 0.8697788989347759, 0.13022110106522281],
    [0.4047802670602675, 0.2579505565394074, 0.09601897575825291],
    [0.7602894720724636, 0.23632643061661365, 0.0691806763572345],
    [0.5966412163973197, 0.25758295049836466, 0.09584232574550419],
    [0.7052539409510501, 0.6130764465903985, 0.11207708895025488],
    [0.915360499304227, 0.9153604993042274, 0.08463950069577264],
    [0.5027155537958905, 0.921139627084036, 0.07886037291596303],
    [0.24064759843906955, 0.23704113634600138, 0.06944019371125818],
    [0.2973903963009759, 0.6183341555473543, 0.11514888016002239],
    [0.08492626245489868, 0.915073737545101, 0.08492626245489848],
    [0.5013319244965974, 0.470036580246809, 0.13701043012374645],
    [0.27309428568840344, 0.4039572980918653, 0.10060036781871159],
    [0.09615133404576506, 0.31791995706741033, 0.09615133404576372],
    [0.10518256026874952, 0.7260471603760481, 0.10518256026874875],
    [0.8892209872092834, 0.11077901279071643, 0.11077901279071437],
    [0.5005716308609611, 0.093927337277444, 0.09392733727744247],
    [0.3140569780132179, 0.09259209495143486, 0.09259209495143465],
    [0.6868841900295971, 0.09239155157095982, 0.09239155157095795],
    [0.11115617941044438, 0.11115617941044487, 0.11115617941044438],
    [0.8969394798584174, 0.5153991973480843, 0.103060520141582],
    [0.9042676706929786, 0.31674146502692024, 0.0957323293070209],
    [0.8932098553714186, 0.7252167166491795, 0.10679014462858052],
    [0.7283701485139986, 0.4023652036123374, 0.0998983505927542],
    [0.10346723335795149, 0.5174044177894585, 0.10346723335795106]
  ]
}
